{"alpha_g": {"0": 1.29024, "1": 1.29024, "2": 1.29024, "3": 1.29024}, "beta_g": {"0": 0.5093523456, "1": 0.5093523456, "2": 0.5093523456, "3": 0.5093523456}}