{
  "timestamp": 1778832145.3904617,
  "source": "runtime_update",
  "step_id": 686,
  "alpha_comp": {
    "0": 0.9787912457919098,
    "1": 0.9073769488798187,
    "2": 0.8766800170367123,
    "3": 0.8624471089816483
  },
  "beta_comm": {
    "0": 1.150299532738959,
    "1": 0.8206558514976973,
    "2": 1.2110220919146333,
    "3": 0.9349946095412595
  },
  "partition": {
    "gpu_assignment": [
      0,
      1,
      2,
      3
    ],
    "snet_partition": [
      8,
      14,
      20,
      15
    ],
    "tnet_partition": [
      9,
      7,
      7,
      7
    ]
  }
}