{
  "timestamp": 1775783598.6262054,
  "source": "runtime_update",
  "step_id": 125,
  "alpha_comp": {
    "0": 0.8808570286779329,
    "1": 0.8000000000000003,
    "2": 0.8000000000000003,
    "3": 0.8000000000000003
  },
  "beta_comm": {
    "0": 0.8144163541087539,
    "1": 1.131786565192303,
    "2": 1.0344799760710806,
    "3": 1.062947357926278
  },
  "partition": {
    "gpu_assignment": [
      0,
      1,
      2,
      3
    ],
    "snet_partition": [
      10,
      12,
      16,
      19
    ],
    "tnet_partition": [
      9,
      6,
      6,
      9
    ]
  }
}