{
  "timestamp": 1775658642.74817,
  "source": "runtime_update",
  "step_id": 982,
  "alpha_comp": {
    "0": 0.8821284706857251,
    "1": 0.8000000000000003,
    "2": 0.8000000000000003,
    "3": 0.8909986493092381
  },
  "beta_comm": {
    "0": 2.073820980554038,
    "1": 0.8535472043866468,
    "2": 1.0016026641625997,
    "3": 0.836524530935593
  },
  "partition": {
    "gpu_assignment": [
      0,
      1,
      2,
      3
    ],
    "snet_partition": [
      11,
      13,
      18,
      15
    ],
    "tnet_partition": [
      9,
      7,
      7,
      7
    ]
  }
}