{
  "timestamp": 1775785944.1896188,
  "source": "runtime_update",
  "step_id": 1222,
  "alpha_comp": {
    "0": 0.9196101730661269,
    "1": 0.8000000000000003,
    "2": 0.8000000000000003,
    "3": 0.8004982939363299
  },
  "beta_comm": {
    "0": 0.9814600706369925,
    "1": 0.9018184309142884,
    "2": 0.9629168435495289,
    "3": 0.8286506280967036
  },
  "partition": {
    "gpu_assignment": [
      0,
      1,
      2,
      3
    ],
    "snet_partition": [
      10,
      14,
      18,
      15
    ],
    "tnet_partition": [
      9,
      7,
      7,
      7
    ]
  }
}