{
  "timestamp": 1775784822.6032608,
  "trigger_policy": "REPLAN",
  "step_id": 270,
  "partition": {
    "gpu_assignment": [
      0,
      1,
      2,
      3
    ],
    "snet_partition": [
      10,
      14,
      18,
      15
    ],
    "tnet_partition": [
      9,
      7,
      7,
      7
    ],
    "snet_stage_boundaries": [
      [
        0,
        10
      ],
      [
        10,
        24
      ],
      [
        24,
        42
      ],
      [
        42,
        57
      ]
    ],
    "tnet_stage_boundaries": [
      [
        0,
        9
      ],
      [
        9,
        16
      ],
      [
        16,
        23
      ],
      [
        23,
        30
      ]
    ]
  },
  "alpha_comp": {
    "0": 0.91217488922599,
    "1": 0.8000000000000003,
    "2": 0.8000000000000003,
    "3": 1.1857651846685138
  },
  "beta_comm": {
    "0": 0.8467032828358848,
    "1": 1.0114137589602668,
    "2": 1.0840529007425492,
    "3": 0.9857520380968479
  },
  "restart_overhead": {
    "formula": "C_load + D_replan + R_replan * T_base",
    "t_base": 0.08959714174270626,
    "value": 22.849857087135312
  },
  "partition_transition": {
    "policy": "REPLAN",
    "previous_partition": {
      "gpu_assignment": [
        0,
        1,
        2,
        3
      ],
      "snet_partition": [
        9,
        11,
        17,
        20
      ],
      "tnet_partition": [
        9,
        6,
        6,
        9
      ],
      "snet_stage_boundaries": [
        [
          0,
          9
        ],
        [
          9,
          20
        ],
        [
          20,
          37
        ],
        [
          37,
          57
        ]
      ],
      "tnet_stage_boundaries": [
        [
          0,
          9
        ],
        [
          9,
          15
        ],
        [
          15,
          21
        ],
        [
          21,
          30
        ]
      ]
    },
    "previous_nominal_step_time": 0.2667303469305237,
    "new_nominal_step_time": 0.3071643314361572
  },
  "slowdown_detector_state": {
    "baseline_stage_time_ms": 916.6371822357181,
    "baseline_std_ms": 11.694905497987063,
    "baseline_skip_steps": 20,
    "batch_count": 275,
    "last_global_step": 270,
    "stage_times_ms": [
      1559.133529663086,
      1194.8401927947998,
      1183.5167407989502,
      1181.0283660888672,
      1186.354160308838,
      1190.8984184265137,
      1181.751012802124,
      1206.1431407928467,
      1186.368703842163,
      1187.502384185791
    ],
    "baseline_candidate_times_ms": [],
    "wallclock_sustained_duration_sec": 7.163161039352417,
    "slowdown_detected_at_step": 269,
    "slowdown_detected_at_global_step": 264
  },
  "optimizer_runtime_state": {
    "baseline_warmup_steps": 50,
    "baseline_frozen": true,
    "baseline_count_compute": {
      "0": 50,
      "1": 50,
      "2": 50,
      "3": 50
    },
    "baseline_count_comm": {
      "0": 50,
      "1": 50,
      "2": 50,
      "3": 50
    },
    "baseline_compute_time": {
      "0": 0.08497743606567379,
      "1": 0.043474018573760986,
      "2": 0.055697512626647946,
      "3": 0.05052523851394653
    },
    "baseline_comm_time": {
      "0": 0.004619705677032471,
      "1": 0.0026726293563842773,
      "2": 0.0017181825637817383,
      "3": 0.0016332101821899415
    },
    "latest_compute_time": {
      "0": 0.0761178731918335,
      "1": 0.026304244995117188,
      "2": 0.029821276664733887,
      "3": 0.06313621997833252
    },
    "latest_comm_time": {
      "0": 0.0018211603164672852,
      "1": 0.002596139907836914,
      "2": 0.0019265413284301758,
      "3": 0.0015451908111572266
    },
    "suspect_gpu_id": 3,
    "suspect_switch_counter": 0,
    "progress_step": 270,
    "progress_epoch": 1
  },
  "post_restart_observation_steps": 10,
  "checkpoint_path": "./results/e2e_failover_bgload_gpu3_replan_strongplus_b64_e1_20260410_012616/failover_checkpoint_latest.pth"
}