{
  "timestamp": 1775747277.758139,
  "source": "runtime_update",
  "step_id": 982,
  "alpha_comp": {
    "0": 0.9544134741186471,
    "1": 0.8000000000000003,
    "2": 0.8000000000000003,
    "3": 0.9200164360823799
  },
  "beta_comm": {
    "0": 3.3749433454935467,
    "1": 0.9717692316224528,
    "2": 0.9409753689649438,
    "3": 1.0360542227891272
  },
  "partition": {
    "gpu_assignment": [
      0,
      1,
      2,
      3
    ],
    "snet_partition": [
      10,
      11,
      16,
      20
    ],
    "tnet_partition": [
      9,
      6,
      6,
      9
    ]
  }
}