{
  "timestamp": 1775783016.9947224,
  "source": "runtime_update",
  "step_id": 72,
  "alpha_comp": {
    "0": 0.9845966268304207,
    "1": 0.8399044273540633,
    "2": 0.8000015794604463,
    "3": 1.6393363649274881
  },
  "beta_comm": {
    "0": 2.2384440890790818,
    "1": 0.9402839323091133,
    "2": 0.8012306676789971,
    "3": 0.9461142112101769
  },
  "partition": {
    "gpu_assignment": [
      0,
      1,
      2,
      3
    ],
    "snet_partition": [
      9,
      11,
      16,
      21
    ],
    "tnet_partition": [
      9,
      6,
      6,
      9
    ]
  }
}