{
  "timestamp": 1775736788.4378302,
  "source": "runtime_update",
  "step_id": 487,
  "alpha_comp": {
    "0": 1.1531125357549081,
    "1": 0.9784413557399732,
    "2": 1.0092031768347707,
    "3": 0.8000000002831881
  },
  "beta_comm": {
    "0": 0.9290887577622441,
    "1": 1.2444171814269225,
    "2": 1.4145441812622188,
    "3": 0.8009298585391684
  },
  "partition": {
    "gpu_assignment": [
      0,
      1,
      2,
      3
    ],
    "snet_partition": [
      11,
      15,
      21,
      10
    ],
    "tnet_partition": [
      10,
      7,
      8,
      5
    ]
  }
}