{
  "timestamp": 1775621282.904695,
  "source": "runtime_update",
  "step_id": 487,
  "alpha_comp": {
    "0": 0.9897231799589352,
    "1": 0.8778006769604056,
    "2": 0.8588591245104829,
    "3": 0.9037860947953347
  },
  "beta_comm": {
    "0": 0.9512743344051172,
    "1": 1.2031469279240654,
    "2": 1.1201924174729545,
    "3": 0.8724708493786633
  },
  "partition": {
    "gpu_assignment": [
      0,
      1,
      2,
      3
    ],
    "snet_partition": [
      10,
      14,
      19,
      14
    ],
    "tnet_partition": [
      9,
      7,
      7,
      7
    ]
  }
}