{
  "timestamp": 1775624090.7380314,
  "source": "runtime_update",
  "step_id": 487,
  "alpha_comp": {
    "0": 0.9875052863747291,
    "1": 0.8000000000000003,
    "2": 0.8000000000000003,
    "3": 0.801371345630175
  },
  "beta_comm": {
    "0": 0.8317720960252312,
    "1": 1.0306519925901407,
    "2": 0.956538784472217,
    "3": 0.8907523079014981
  },
  "partition": {
    "gpu_assignment": [
      0,
      1,
      2,
      3
    ],
    "snet_partition": [
      9,
      11,
      16,
      21
    ],
    "tnet_partition": [
      9,
      6,
      6,
      9
    ]
  }
}