{
  "timestamp": 1775545911.3520696,
  "source": "runtime_update",
  "step_id": 1972,
  "alpha_comp": {
    "0": 0.8203098902898595,
    "1": 0.8000000000000003,
    "2": 0.8000000000000003,
    "3": 0.848278267032337
  },
  "beta_comm": {
    "0": 0.8000885089960863,
    "1": 1.0968851116327603,
    "2": 1.220055310799462,
    "3": 0.96583454570821
  },
  "partition": {
    "gpu_assignment": [
      0,
      1,
      2,
      3
    ],
    "snet_partition": [
      10,
      12,
      16,
      19
    ],
    "tnet_partition": [
      9,
      6,
      6,
      9
    ]
  }
}