{
  "timestamp": 1775739309.2548134,
  "source": "runtime_update",
  "step_id": 70,
  "alpha_comp": {
    "0": 0.9948648436384069,
    "1": 0.8439995767311332,
    "2": 0.8000043873901281,
    "3": 1.1314891736719648
  },
  "beta_comm": {
    "0": 0.8000043873901281,
    "1": 1.0761041867238315,
    "2": 0.8826437824700435,
    "3": 0.8273856976937667
  },
  "partition": {
    "gpu_assignment": [
      0,
      1,
      2,
      3
    ],
    "snet_partition": [
      9,
      11,
      16,
      21
    ],
    "tnet_partition": [
      9,
      6,
      6,
      9
    ]
  }
}