{
  "timestamp": 1778837585.7427912,
  "source": "runtime_update",
  "step_id": 85,
  "alpha_comp": {
    "0": 0.9934979023606878,
    "1": 0.8661162752407705,
    "2": 0.86055533005924,
    "3": 0.9412313092044607
  },
  "beta_comm": {
    "0": 1.2056438251278188,
    "1": 1.0365615082979034,
    "2": 1.1500597257098035,
    "3": 1.1456368091489402
  },
  "partition": {
    "gpu_assignment": [
      0,
      1,
      2,
      3
    ],
    "snet_partition": [
      8,
      13,
      20,
      16
    ],
    "tnet_partition": [
      9,
      7,
      7,
      7
    ]
  }
}