{
  "timestamp": 1778837485.639434,
  "trigger_policy": "REPLAN",
  "step_id": 60,
  "partition": {
    "gpu_assignment": [
      0,
      1,
      2,
      3
    ],
    "snet_partition": [
      8,
      13,
      20,
      16
    ],
    "tnet_partition": [
      9,
      7,
      7,
      7
    ],
    "snet_stage_boundaries": [
      [
        0,
        8
      ],
      [
        8,
        21
      ],
      [
        21,
        41
      ],
      [
        41,
        57
      ]
    ],
    "tnet_stage_boundaries": [
      [
        0,
        9
      ],
      [
        9,
        16
      ],
      [
        16,
        23
      ],
      [
        23,
        30
      ]
    ]
  },
  "alpha_comp": {
    "0": 0.9833483821757633,
    "1": 0.8313674216036331,
    "2": 0.8007255941120002,
    "3": 1.1859377904578345
  },
  "beta_comm": {
    "0": 1.1582422961148753,
    "1": 1.1250456261312785,
    "2": 1.1501528978184123,
    "3": 1.2858326015129604
  },
  "restart_overhead": {
    "formula": "C_load + D_replan + R_replan * T_base",
    "t_base": 0.22765597581863403,
    "value": 29.752798790931703
  },
  "partition_transition": {
    "policy": "REPLAN",
    "previous_partition": {
      "gpu_assignment": [
        0,
        1,
        2,
        3
      ],
      "snet_partition": [
        8,
        12,
        17,
        20
      ],
      "tnet_partition": [
        9,
        6,
        6,
        9
      ],
      "snet_stage_boundaries": [
        [
          0,
          8
        ],
        [
          8,
          20
        ],
        [
          20,
          37
        ],
        [
          37,
          57
        ]
      ],
      "tnet_stage_boundaries": [
        [
          0,
          9
        ],
        [
          9,
          15
        ],
        [
          15,
          21
        ],
        [
          21,
          30
        ]
      ]
    },
    "previous_nominal_step_time": 0.3891477274211745,
    "new_nominal_step_time": 0.452129945119222
  },
  "slowdown_detector_state": {
    "baseline_stage_time_ms": 2449.273467063904,
    "baseline_std_ms": 15.259665448830033,
    "baseline_skip_steps": 20,
    "batch_count": 61,
    "last_global_step": 60,
    "stage_times_ms": [
      3202.019214630127,
      3209.4829082489014,
      3193.013906478882,
      3191.8253898620605,
      3213.634252548218,
      3250.591278076172,
      3207.430124282837,
      3241.3649559020996,
      3245.8150386810303,
      3256.5693855285645
    ],
    "baseline_candidate_times_ms": [
      2466.655731201172,
      2422.214984893799,
      2447.770118713379,
      2468.991279602051,
      2451.7056941986084,
      2440.338373184204,
      2423.903465270996,
      2450.7768154144287,
      2442.5153732299805,
      2461.6143703460693
    ],
    "wallclock_sustained_duration_sec": 51.721105337142944,
    "slowdown_detected_at_step": 45,
    "slowdown_detected_at_global_step": 44
  },
  "optimizer_runtime_state": {
    "baseline_warmup_steps": 50,
    "baseline_frozen": true,
    "baseline_count_compute": {
      "0": 50,
      "1": 50,
      "2": 50,
      "3": 50
    },
    "baseline_count_comm": {
      "0": 50,
      "1": 50,
      "2": 50,
      "3": 50
    },
    "baseline_compute_time": {
      "0": 0.22533682823181153,
      "1": 0.0877795696258545,
      "2": 0.08983729362487793,
      "3": 0.07399697542190553
    },
    "baseline_comm_time": {
      "0": 0.0023191475868225104,
      "1": 0.0022216582298278807,
      "2": 0.0012666487693786621,
      "3": 0.0011601233482360842
    },
    "latest_compute_time": {
      "0": 0.2217024564743042,
      "1": 0.07309412956237793,
      "2": 0.06603395938873291,
      "3": 0.08761250972747803
    },
    "latest_comm_time": {
      "0": 0.002187013626098633,
      "1": 0.002547025680541992,
      "2": 0.0014551877975463867,
      "3": 0.001762986183166504
    },
    "suspect_gpu_id": 3,
    "suspect_switch_counter": 0,
    "progress_step": 60,
    "progress_epoch": 1
  },
  "post_restart_observation_steps": 10,
  "checkpoint_path": "./results/demo_batch64/failover_checkpoint_latest.pth"
}