{
  "timestamp": 1775725996.2631056,
  "source": "runtime_update",
  "step_id": 899,
  "alpha_comp": {
    "1": 0.8005212648380671,
    "2": 0.8003850047246108,
    "3": 0.8737129692154589,
    "0": 6.766819447263058
  },
  "beta_comm": {
    "1": 0.8248612506839219,
    "2": 1.8476595957630448,
    "3": 1.0125335304597733,
    "0": 0.825454418082827
  },
  "partition": {
    "gpu_assignment": [
      1,
      2,
      3
    ],
    "snet_partition": [
      17,
      10,
      30
    ],
    "tnet_partition": [
      13,
      4,
      13
    ]
  }
}