{
  "timestamp": 1775661425.8616426,
  "source": "runtime_update",
  "step_id": 982,
  "alpha_comp": {
    "0": 0.9037442776061205,
    "1": 0.8000000000000003,
    "2": 0.8000000000000003,
    "3": 0.8423291683284129
  },
  "beta_comm": {
    "0": 0.9371545236047395,
    "1": 0.8866411655826093,
    "2": 1.2711325946992669,
    "3": 1.0197995891992293
  },
  "partition": {
    "gpu_assignment": [
      0,
      1,
      2,
      3
    ],
    "snet_partition": [
      10,
      11,
      16,
      20
    ],
    "tnet_partition": [
      9,
      6,
      6,
      9
    ]
  }
}