{
  "timestamp": 1775518861.7095494,
  "source": "runtime_update",
  "step_id": 982,
  "alpha_comp": {
    "0": 0.9742639296752503,
    "1": 0.8411298619199623,
    "2": 0.8000000000000003,
    "3": 0.8000000000113305
  },
  "beta_comm": {
    "0": 1.784536394121,
    "1": 1.2063765660159695,
    "2": 1.5372501923245774,
    "3": 1.0587680606145657
  },
  "partition": {
    "gpu_assignment": [
      0,
      1,
      2,
      3
    ],
    "snet_partition": [
      10,
      14,
      19,
      14
    ],
    "tnet_partition": [
      9,
      7,
      7,
      7
    ]
  }
}