{
  "timestamp": 1775781126.7350888,
  "source": "runtime_update",
  "step_id": 487,
  "alpha_comp": {
    "0": 0.9599343460980254,
    "1": 0.8000000000000003,
    "2": 0.8000000000000003,
    "3": 0.8794393790966977
  },
  "beta_comm": {
    "0": 0.8001039388261029,
    "1": 0.8713992583571264,
    "2": 1.0976759579771393,
    "3": 0.8913983095638004
  },
  "partition": {
    "gpu_assignment": [
      0,
      1,
      2,
      3
    ],
    "snet_partition": [
      9,
      11,
      16,
      21
    ],
    "tnet_partition": [
      9,
      6,
      6,
      9
    ]
  }
}