{
  "timestamp": 1775644272.3581426,
  "source": "runtime_update",
  "step_id": 240,
  "alpha_comp": {
    "0": 0.9932738936488789,
    "1": 0.828943044841713,
    "2": 0.8000000000000003,
    "3": 0.9800524043468211
  },
  "beta_comm": {
    "0": 0.8052060073170828,
    "1": 0.8437436466645709,
    "2": 0.846474298124938,
    "3": 0.8274696022937938
  },
  "partition": {
    "gpu_assignment": [
      0,
      1,
      2,
      3
    ],
    "snet_partition": [
      9,
      11,
      16,
      21
    ],
    "tnet_partition": [
      9,
      6,
      6,
      9
    ]
  }
}