{
  "timestamp": 1775718327.1228728,
  "source": "runtime_update",
  "step_id": 807,
  "alpha_comp": {
    "1": 0.8972860235362716,
    "2": 0.8060310351167916,
    "3": 0.8000000000000003,
    "0": 6.1670732551632845
  },
  "beta_comm": {
    "1": 1.1051480520758021,
    "2": 0.9703711255279719,
    "3": 1.5020987525946476,
    "0": 0.8000000000000026
  },
  "partition": {
    "gpu_assignment": [
      1,
      2,
      3
    ],
    "snet_partition": [
      15,
      18,
      24
    ],
    "tnet_partition": [
      11,
      8,
      11
    ]
  }
}