{
  "timestamp": 1775491540.877248,
  "source": "runtime_update",
  "step_id": 982,
  "alpha_comp": {
    "0": 0.9507957814899397,
    "1": 0.8000000000000003,
    "2": 0.8000000000000003,
    "3": 1.020241996728637
  },
  "beta_comm": {
    "0": 0.8002127401314717,
    "1": 1.1561874863035304,
    "2": 0.9655918032294908,
    "3": 1.222969767392174
  },
  "partition": {
    "gpu_assignment": [
      0,
      1,
      2,
      3
    ],
    "snet_partition": [
      10,
      11,
      16,
      20
    ],
    "tnet_partition": [
      9,
      6,
      6,
      9
    ]
  }
}