{
  "timestamp": 1775539464.380372,
  "source": "runtime_update",
  "step_id": 1972,
  "alpha_comp": {
    "0": 0.8851918329367723,
    "1": 0.8000000000000003,
    "2": 0.8000000000000003,
    "3": 0.8000000037287939
  },
  "beta_comm": {
    "0": 1.2335888183071113,
    "1": 0.9930317155066496,
    "2": 0.9027107654356757,
    "3": 0.9401483887572349
  },
  "partition": {
    "gpu_assignment": [
      0,
      1,
      2,
      3
    ],
    "snet_partition": [
      10,
      13,
      18,
      16
    ],
    "tnet_partition": [
      9,
      7,
      6,
      8
    ]
  }
}