{
  "timestamp": 1775536899.214217,
  "trigger_policy": "REPLAN",
  "step_id": 190,
  "partition": {
    "gpu_assignment": [
      0,
      1,
      2,
      3
    ],
    "snet_partition": [
      10,
      13,
      18,
      16
    ],
    "tnet_partition": [
      9,
      7,
      6,
      8
    ],
    "snet_stage_boundaries": [
      [
        0,
        10
      ],
      [
        10,
        23
      ],
      [
        23,
        41
      ],
      [
        41,
        57
      ]
    ],
    "tnet_stage_boundaries": [
      [
        0,
        9
      ],
      [
        9,
        16
      ],
      [
        16,
        22
      ],
      [
        22,
        30
      ]
    ]
  },
  "alpha_comp": {
    "0": 0.8900035574014833,
    "1": 0.8000000000000003,
    "2": 0.8000000000000003,
    "3": 1.0797652752752762
  },
  "beta_comm": {
    "0": 0.9331149154338935,
    "1": 0.870949197148398,
    "2": 0.9691667448935298,
    "3": 0.857645457440321
  },
  "restart_overhead": {
    "formula": "C_load + D_replan + R_replan * T_base",
    "t_base": 0.09168729543685913,
    "value": 22.954364771842958
  },
  "partition_transition": {
    "policy": "REPLAN",
    "previous_partition": {
      "gpu_assignment": [
        0,
        1,
        2,
        3
      ],
      "snet_partition": [
        10,
        12,
        16,
        19
      ],
      "tnet_partition": [
        9,
        6,
        6,
        9
      ],
      "snet_stage_boundaries": [
        [
          0,
          10
        ],
        [
          10,
          22
        ],
        [
          22,
          38
        ],
        [
          38,
          57
        ]
      ],
      "tnet_stage_boundaries": [
        [
          0,
          9
        ],
        [
          9,
          15
        ],
        [
          15,
          21
        ],
        [
          21,
          30
        ]
      ]
    },
    "previous_nominal_step_time": 0.2662790732358893,
    "new_nominal_step_time": 0.30730702749888106
  },
  "slowdown_detector_state": {
    "baseline_stage_time_ms": 1171.167778968811,
    "baseline_std_ms": 602.100209917888,
    "batch_count": 191,
    "last_global_step": 190,
    "stage_times_ms": [
      1207.9532146453857,
      1211.0309600830078,
      1304.4283390045166,
      1553.3998012542725,
      1327.855110168457,
      1655.148983001709,
      1293.064832687378,
      1314.1381740570068,
      1368.9734935760498,
      1457.4837684631348
    ],
    "wallclock_sustained_duration_sec": 8.440401792526245,
    "slowdown_detected_at_step": 185,
    "slowdown_detected_at_global_step": 184
  },
  "optimizer_runtime_state": {
    "baseline_warmup_steps": 50,
    "baseline_frozen": true,
    "baseline_count_compute": {
      "0": 50,
      "1": 50,
      "2": 50,
      "3": 50
    },
    "baseline_count_comm": {
      "0": 50,
      "1": 50,
      "2": 50,
      "3": 50
    },
    "baseline_compute_time": {
      "0": 0.08792553424835205,
      "1": 0.04330106258392334,
      "2": 0.05469268798828125,
      "3": 0.05233246088027954
    },
    "baseline_comm_time": {
      "0": 0.0037617611885070812,
      "1": 0.002868447303771972,
      "2": 0.0019221067428588866,
      "3": 0.002122995853424072
    },
    "latest_compute_time": {
      "0": 0.07819700241088867,
      "1": 0.02722477912902832,
      "2": 0.028325915336608887,
      "3": 0.058600425720214844
    },
    "latest_comm_time": {
      "0": 0.0035849809646606445,
      "1": 0.002298116683959961,
      "2": 0.001386404037475586,
      "3": 0.0017859935760498047
    },
    "suspect_gpu_id": 3,
    "suspect_switch_counter": 0,
    "progress_step": 190,
    "progress_epoch": 1
  },
  "post_restart_observation_steps": 10,
  "checkpoint_path": "./results/e2e_failover_bgload_gpu3_replan_strongplus_b64_e1_20260407_043747/failover_checkpoint_latest.pth"
}